{"stats":{"minecraft:used":{"minecraft:stone_sword":61,"minecraft:stone_shovel":15,"minecraft:stone_pickaxe":74,"born_in_chaos_v1:smoked_fish":1,"aquaculture:brown_trout":1,"minecraft:wooden_pickaxe":9,"minecraft:torch":4,"minecraft:dirt":1,"minecraft:crafting_table":5,"minecraft:smoker":1,"minecraft:stone_axe":5,"born_in_chaos_v1:rotten_fish":1,"minecraft:furnace":2,"minecraft:coarse_dirt":7},"minecraft:killed":{"minecraft:spider":3,"minecraft:zombie":3,"born_in_chaos_v1:corpse_fly":3,"aquaculture:brown_trout":1,"aquaculture:perch":2,"born_in_chaos_v1:corpse_fish":1,"alexsmobs:fly":1},"minecraft:killed_by":{"minecraft:player":2,"born_in_chaos_v1:restless_spirit":1,"minecraft:skeleton":1},"minecraft:dropped":{"alexsmobs:animal_dictionary":1,"minecraft:crafting_table":2,"patchouli:guide_book":1,"gravestone:obituary":2},"minecraft:crafted":{"minecraft:stone_shovel":1,"born_in_chaos_v1:smoked_fish":1,"minecraft:crafting_table":3,"minecraft:spruce_planks":15,"minecraft:wooden_pickaxe":1,"minecraft:furnace":2,"minecraft:stone_axe":1,"minecraft:air":112,"minecraft:charcoal":28,"minecraft:stick":6,"minecraft:stone_pickaxe":1,"minecraft:stone_sword":1,"minecraft:torch":5,"minecraft:smoker":1},"minecraft:custom":{"minecraft:interact_with_furnace":11,"minecraft:mob_kills":14,"minecraft:interact_with_crafting_table":9,"minecraft:leave_game":4,"minecraft:time_since_death":2222,"minecraft:time_since_rest":3521,"minecraft:sprint_one_cm":56504,"minecraft:damage_taken":1349,"minecraft:walk_one_cm":76686,"minecraft:drop":6,"minecraft:damage_dealt":2367,"minecraft:swim_one_cm":14035,"minecraft:fly_one_cm":48509,"minecraft:player_kills":1,"minecraft:crouch_one_cm":4984,"minecraft:play_time":29682,"minecraft:deaths":4,"minecraft:sneak_time":1176,"minecraft:walk_under_water_one_cm":2286,"minecraft:jump":328,"minecraft:walk_on_water_one_cm":3999,"minecraft:total_world_time":29682,"minecraft:interact_with_smoker":2,"minecraft:fall_one_cm":9169},"minecraft:picked_up":{"minecraft:coarse_dirt":7,"minecraft:crafting_table":5,"minecraft:smoker":1,"gravestone:obituary":2,"minecraft:dirt":8,"minecraft:string":1,"minecraft:spruce_planks":9,"minecraft:furnace":1,"minecraft:stick":5,"minecraft:spruce_sapling":12,"minecraft:spruce_log":89,"minecraft:spider_eye":1,"minecraft:leather_helmet":1,"minecraft:rotten_flesh":3,"aquaculture:brown_trout":1,"supplementaries:ash":1,"born_in_chaos_v1:rotten_fish":2,"minecraft:coal":45,"minecraft:cobblestone":35},"minecraft:mined":{"minecraft:smoker":1,"minecraft:crafting_table":5,"gravestone:gravestone":2,"minecraft:spruce_leaves":2,"minecraft:coarse_dirt":7,"minecraft:furnace":2,"minecraft:spruce_log":89,"minecraft:grass":1,"minecraft:coal_ore":45,"minecraft:dirt":8,"minecraft:stone":35,"minecraft:fern":1}},"DataVersion":3465}