{"stats":{"minecraft:picked_up":{"minecraft:diamond_sword":1,"minecraft:oak_log":8},"minecraft:used":{"minecraft:diamond_sword":2},"minecraft:crafted":{"minecraft:oak_planks":32,"minecraft:crafting_table":1,"minecraft:stick":12},"minecraft:killed_by":{"minecraft:player":2},"minecraft:custom":{"minecraft:time_since_rest":208,"minecraft:crouch_one_cm":21,"minecraft:walk_one_cm":3629,"minecraft:play_time":2720,"minecraft:sprint_one_cm":9645,"minecraft:damage_taken":460,"minecraft:deaths":2,"minecraft:sneak_time":20,"minecraft:walk_under_water_one_cm":447,"minecraft:jump":78,"minecraft:damage_dealt":140,"minecraft:leave_game":1,"minecraft:time_since_death":183,"minecraft:walk_on_water_one_cm":215,"minecraft:total_world_time":2720,"minecraft:swim_one_cm":3934,"minecraft:fall_one_cm":3042,"minecraft:fly_one_cm":22231},"minecraft:mined":{"minecraft:grass":1,"minecraft:oak_log":8,"minecraft:tall_grass":2,"minecraft:oak_leaves":1}},"DataVersion":3465}