{"stats":{"minecraft:used":{"minecraft:stone_sword":123,"minecraft:chest":4,"minecraft:spruce_planks":333,"minecraft:iron_sword":15,"minecraft:cooked_chicken":4,"minecraft:iron_chestplate":1,"minecraft:torch":65,"create:ochrum":2,"minecraft:dirt":2,"minecraft:carrot":5,"minecraft:oak_wood":2,"minecraft:tuff":3,"minecraft:stripped_spruce_log":1,"minecraft:spruce_boat":2,"minecraft:wooden_axe":1,"minecraft:chipped_anvil":1,"minecraft:iron_axe":17,"minecraft:iron_helmet":1,"minecraft:smooth_basalt":5,"minecraft:diamond_chestplate":1,"minecraft:furnace":2,"minecraft:egg":1,"minecraft:cooked_beef":3,"minecraft:cobbled_deepslate":15,"minecraft:iron_leggings":1,"minecraft:calcite":8,"minecraft:water_bucket":3,"minecraft:mossy_stone_bricks":2,"minecraft:iron_ore":59,"minecraft:amethyst_block":1,"minecraft:spruce_door":10,"simplyswords:diamond_katana":149,"minecraft:stone_pickaxe":308,"minecraft:baked_potato":38,"minecraft:wooden_pickaxe":13,"minecraft:gold_ore":8,"minecraft:crafting_table":9,"minecraft:white_bed":1,"minecraft:apple":5,"minecraft:bread":4,"minecraft:iron_pickaxe":28,"minecraft:gravel":1,"minecraft:cobblestone":39,"minecraft:bucket":2,"minecraft:coarse_dirt":1},"minecraft:mined":{"realmrpg_skeletons:waterdrop_skeleton":1,"minecraft:tuff":14,"minecraft:spruce_planks":9,"minecraft:glow_lichen":1,"gravestone:gravestone":9,"born_in_chaos_v1:black_argillite_brick_wall":1,"minecraft:grass_block":2,"minecraft:spruce_fence":1,"create:ochrum":17,"minecraft:coal_block":3,"minecraft:red_mushroom":1,"minecraft:spawner":3,"minecraft:large_fern":1,"minecraft:furnace":1,"minecraft:iron_ore":63,"born_in_chaos_v1:black_argillite_brick_stairs":1,"minecraft:stripped_spruce_log":1,"minecraft:bell":1,"minecraft:mossy_stone_brick_stairs":1,"minecraft:bookshelf":19,"minecraft:cobblestone_slab":1,"minecraft:small_amethyst_bud":1,"minecraft:lantern":1,"minecraft:stone":57,"minecraft:brown_mushroom":1,"minecraft:spruce_door":1,"minecraft:clay":3,"minecraft:torch":8,"minecraft:blast_furnace":2,"minecraft:oak_wood":2,"minecraft:calcite":1,"minecraft:cobblestone":1,"minecraft:wall_torch":5,"minecraft:amethyst_block":16,"minecraft:coarse_dirt":1,"realmrpg_skeletons:bow_skeleton":1,"minecraft:spruce_log":254,"minecraft:grass":8,"minecraft:coal_ore":72,"minecraft:gravel":11,"minecraft:dripstone_block":4,"minecraft:cobweb":8,"minecraft:cracked_stone_bricks":1,"minecraft:smooth_basalt":6,"minecraft:stone_bricks":2,"minecraft:chipped_anvil":1,"minecraft:mossy_stone_bricks":4,"minecraft:gold_ore":13,"minecraft:oak_leaves":1,"minecraft:deepslate":15,"minecraft:fern":1},"minecraft:broken":{"minecraft:stone_sword":1,"minecraft:stone_pickaxe":1,"minecraft:wooden_axe":3},"minecraft:dropped":{"minecraft:brown_mushroom":1,"minecraft:wheat_seeds":1,"minecraft:baked_potato":3,"minecraft:dripstone_block":4,"artifacts:whoopee_cushion":1,"minecraft:activator_rail":2,"minecraft:rail":24,"minecraft:red_mushroom":1,"gravestone:obituary":10,"minecraft:bone_meal":2,"minecraft:chainmail_leggings":1,"minecraft:bone":4,"minecraft:gravel":14,"simplyswords:runic_tablet":1,"minecraft:rotten_flesh":3,"supplementaries:flax_seeds":1,"minecraft:cobblestone_slab":1,"minecraft:shield":1,"simplyswords:diamond_katana":1,"aether:iron_gloves":1,"minecraft:beetroot_seeds":2,"minecraft:chainmail_boots":1,"minecraft:spider_eye":1,"minecraft:stone_pickaxe":2,"minecraft:wooden_pickaxe":1},"minecraft:killed_by":{"born_in_chaos_v1:corpse_fly":1,"minecraft:skeleton":5,"minecraft:zombie":4},"minecraft:picked_up":{"minecraft:coarse_dirt":1,"minecraft:wheat":2,"minecraft:chicken":4,"minecraft:clay_ball":12,"born_in_chaos_v1:seedof_chaos":1,"simplyswords:diamond_katana":1,"minecraft:brown_mushroom":1,"aether:iron_gloves":1,"gravestone:obituary":4,"minecraft:amethyst_block":16,"minecraft:string":13,"minecraft:cracked_stone_bricks":1,"simplyswords:runic_tablet":1,"minecraft:cobbled_deepslate":15,"minecraft:spruce_planks":7,"minecraft:beef":3,"minecraft:cobblestone_slab":1,"minecraft:calcite":8,"minecraft:coal_block":3,"minecraft:furnace":1,"minecraft:egg":1,"minecraft:stick":23,"minecraft:raw_iron":119,"minecraft:torch":13,"minecraft:spruce_fence":1,"born_in_chaos_v1:pieceofdarkmetal":1,"born_in_chaos_v1:black_argillite_brick_stairs":1,"minecraft:arrow":7,"minecraft:diamond_chestplate":2,"minecraft:rotten_flesh":13,"minecraft:music_disc_ward":1,"create:ochrum":17,"minecraft:diamond_boots":1,"minecraft:cobblestone":57,"minecraft:feather":6,"born_in_chaos_v1:spiritual_dust":1,"minecraft:water_bucket":1,"minecraft:leather":1,"minecraft:red_mushroom":1,"minecraft:flint":1,"minecraft:tuff":14,"minecraft:dirt":2,"minecraft:bone":14,"minecraft:chipped_anvil":1,"minecraft:stone_bricks":2,"minecraft:wheat_seeds":1,"minecraft:raw_gold":15,"minecraft:bell":1,"minecraft:iron_ingot":1,"minecraft:stone_pickaxe":2,"minecraft:mossy_stone_bricks":4,"minecraft:mossy_stone_brick_stairs":1,"minecraft:book":60,"minecraft:smooth_basalt":5,"born_in_chaos_v1:ethereal_spirit":3,"minecraft:dripstone_block":4,"minecraft:gravel":15,"born_in_chaos_v1:dark_rod":1,"minecraft:stripped_spruce_log":1,"minecraft:spruce_sapling":19,"minecraft:blast_furnace":2,"minecraft:spruce_log":254,"minecraft:dark_oak_log":1,"minecraft:spruce_door":1,"minecraft:spider_eye":2,"minecraft:oak_wood":2,"minecraft:chainmail_leggings":1,"minecraft:bone_meal":3,"minecraft:coal":82},"minecraft:crafted":{"minecraft:coal":3,"born_in_chaos_v1:dark_charge":1,"minecraft:cooked_chicken":4,"minecraft:furnace":1,"minecraft:diamond_helmet":1,"minecraft:iron_boots":2,"minecraft:iron_axe":1,"minecraft:stone_pickaxe":2,"minecraft:chest":4,"minecraft:spruce_boat":2,"minecraft:cooked_beef":3,"minecraft:crafting_table":10,"minecraft:spruce_planks":138,"minecraft:iron_helmet":3,"minecraft:wooden_pickaxe":1,"minecraft:baked_potato":3,"minecraft:iron_sword":1,"minecraft:spruce_door":3,"minecraft:air":723,"simplyswords:diamond_katana":1,"minecraft:iron_chestplate":3,"minecraft:white_wool":3,"minecraft:shield":2,"minecraft:stick":7,"minecraft:iron_ingot":120,"minecraft:wooden_axe":4,"minecraft:stone_sword":1,"minecraft:iron_leggings":1,"minecraft:white_bed":1,"minecraft:torch":16,"minecraft:diamond_chestplate":1},"minecraft:custom":{"minecraft:interact_with_anvil":2,"minecraft:mob_kills":46,"minecraft:interact_with_crafting_table":46,"minecraft:open_barrel":79,"minecraft:damage_dealt_resisted":1089,"minecraft:leave_game":15,"minecraft:time_since_death":62299,"minecraft:climb_one_cm":10617,"minecraft:sprint_one_cm":302297,"minecraft:walk_one_cm":270930,"minecraft:drop":46,"minecraft:talked_to_villager":2,"minecraft:play_time":137260,"minecraft:sneak_time":12052,"minecraft:deaths":10,"minecraft:walk_under_water_one_cm":41059,"minecraft:boat_one_cm":65334,"minecraft:jump":2017,"minecraft:interact_with_blast_furnace":1,"minecraft:walk_on_water_one_cm":12570,"minecraft:total_world_time":137260,"minecraft:interact_with_furnace":32,"minecraft:interact_with_cartography_table":1,"minecraft:tune_noteblock":2,"minecraft:sleep_in_bed":1,"minecraft:time_since_rest":62338,"minecraft:damage_taken":5434,"minecraft:damage_dealt":8005,"minecraft:swim_one_cm":73826,"minecraft:fly_one_cm":288314,"minecraft:player_kills":1,"minecraft:open_chest":145,"minecraft:crouch_one_cm":33359,"minecraft:fall_one_cm":55166,"minecraft:inspect_dispenser":3},"minecraft:killed":{"born_in_chaos_v1:restless_spirit":1,"born_in_chaos_v1:zombie_lumberjack":1,"born_in_chaos_v1:door_knight_not_despawn":1,"minecraft:spider":3,"born_in_chaos_v1:baby_skeleton_minion":2,"born_in_chaos_v1:maggot":3,"seadwellers:mermorph_blacksmith":1,"minecraft:skeleton":3,"minecraft:chicken":4,"seadwellers:mermorph":1,"realmrpg_demons:chort":1,"born_in_chaos_v1:corpse_fish":3,"born_in_chaos_v1:bonescaller":1,"seadwellers:mermorph_hunter":2,"minecraft:creeper":1,"born_in_chaos_v1:decrepit_skeleton":3,"minecraft:zombie":10,"cataclysm:deepling":1,"born_in_chaos_v1:dark_vortex":1,"naturalist:canary":2,"minecraft:cow":1}},"DataVersion":3465}