{"stats":{"minecraft:picked_up":{"minecraft:crafting_table":5,"minecraft:feather":1,"minecraft:cooked_beef":8,"minecraft:chicken":2,"minecraft:andesite":1,"minecraft:leather":2,"minecraft:smoker":3,"minecraft:flint":1,"minecraft:oak_log":34,"minecraft:gunpowder":4,"minecraft:lapis_lazuli":8,"minecraft:dirt":16,"minecraft:string":6,"minecraft:raw_copper":9,"minecraft:bone":9,"minecraft:apple":2,"minecraft:bow":1,"minecraft:wheat_seeds":1,"minecraft:cobbled_deepslate":26,"minecraft:beef":12,"minecraft:sugar_cane":10,"minecraft:furnace":9,"minecraft:egg":1,"minecraft:raw_iron":116,"minecraft:torch":8,"minecraft:gravel":12,"minecraft:porkchop":11,"minecraft:amethyst_shard":8,"minecraft:blast_furnace":3,"minecraft:diorite":9,"minecraft:white_bed":2,"minecraft:spider_eye":3,"minecraft:arrow":6,"minecraft:rotten_flesh":11,"minecraft:diamond":6,"minecraft:granite":2,"minecraft:golden_apple":6,"minecraft:gray_wool":2,"minecraft:oak_sapling":8,"minecraft:black_wool":2,"minecraft:mutton":13,"minecraft:coal":192,"minecraft:cobblestone":131,"minecraft:white_wool":6,"minecraft:ender_pearl":4},"minecraft:used":{"minecraft:cooked_mutton":9,"minecraft:water_bucket":1,"minecraft:diorite":6,"minecraft:stone_sword":71,"minecraft:stone_pickaxe":89,"minecraft:shield":28,"minecraft:wooden_pickaxe":21,"minecraft:iron_sword":100,"minecraft:torch":327,"minecraft:golden_apple":1,"minecraft:spyglass":3,"minecraft:dirt":11,"minecraft:crafting_table":6,"minecraft:blast_furnace":3,"minecraft:white_bed":2,"minecraft:granite":2,"minecraft:smoker":3,"minecraft:oak_log":2,"minecraft:black_wool":1,"minecraft:apple":1,"minecraft:iron_axe":2,"minecraft:iron_pickaxe":321,"minecraft:gravel":1,"minecraft:stone_axe":60,"minecraft:cobblestone":16,"minecraft:furnace":9,"minecraft:cooked_porkchop":1,"minecraft:cooked_beef":7,"minecraft:andesite":1,"minecraft:bucket":2,"minecraft:cobbled_deepslate":14,"minecraft:gray_wool":1},"minecraft:crafted":{"minecraft:smooth_stone":6,"minecraft:oak_planks":68,"minecraft:cooked_porkchop":11,"minecraft:spyglass":1,"minecraft:crafting_table":1,"minecraft:iron_helmet":1,"minecraft:wooden_pickaxe":1,"minecraft:iron_sword":1,"minecraft:furnace":6,"minecraft:blast_furnace":2,"minecraft:copper_ingot":9,"minecraft:stone":6,"minecraft:bucket":1,"minecraft:stone_axe":1,"minecraft:cooked_mutton":13,"minecraft:air":0,"minecraft:iron_boots":1,"minecraft:iron_chestplate":1,"minecraft:shield":1,"minecraft:iron_axe":1,"minecraft:stick":104,"minecraft:iron_ingot":55,"minecraft:iron_pickaxe":4,"minecraft:stone_pickaxe":1,"minecraft:stone_sword":1,"minecraft:iron_leggings":1,"minecraft:white_bed":1,"minecraft:torch":352,"minecraft:smoker":2},"minecraft:custom":{"minecraft:interact_with_furnace":49,"minecraft:mob_kills":54,"minecraft:interact_with_crafting_table":28,"minecraft:leave_game":6,"minecraft:time_since_death":62852,"minecraft:sleep_in_bed":1,"minecraft:time_since_rest":40136,"minecraft:sprint_one_cm":175192,"minecraft:walk_one_cm":99074,"minecraft:damage_taken":1160,"minecraft:damage_absorbed":40,"minecraft:damage_blocked_by_shield":1165,"minecraft:drop":28,"minecraft:damage_dealt":9604,"minecraft:swim_one_cm":10551,"minecraft:fly_one_cm":307147,"minecraft:crouch_one_cm":9223,"minecraft:play_time":62852,"minecraft:sneak_time":3955,"minecraft:walk_under_water_one_cm":4114,"minecraft:jump":1867,"minecraft:interact_with_blast_furnace":14,"minecraft:walk_on_water_one_cm":15209,"minecraft:total_world_time":62852,"minecraft:interact_with_smoker":18,"minecraft:fall_one_cm":57753},"minecraft:killed":{"minecraft:cave_spider":1,"minecraft:pig":6,"minecraft:spider":1,"minecraft:creeper":2,"minecraft:sheep":8,"minecraft:skeleton":8,"minecraft:zombie":9,"minecraft:chicken":2,"minecraft:enderman":6,"minecraft:cow":5},"minecraft:mined":{"minecraft:white_bed":2,"minecraft:deepslate_diamond_ore":6,"minecraft:smoker":3,"minecraft:amethyst_cluster":2,"minecraft:crafting_table":5,"minecraft:blast_furnace":3,"minecraft:grass_block":3,"minecraft:tall_grass":6,"minecraft:cobblestone":1,"minecraft:lapis_ore":1,"minecraft:sugar_cane":5,"minecraft:diorite":6,"minecraft:deepslate_copper_ore":2,"minecraft:furnace":9,"minecraft:iron_ore":84,"minecraft:andesite":1,"minecraft:grass":3,"minecraft:coal_ore":125,"minecraft:oak_log":34,"minecraft:deepslate_iron_ore":32,"minecraft:gravel":5,"minecraft:dirt":6,"minecraft:deepslate":9,"minecraft:stone":138,"minecraft:oak_leaves":32},"minecraft:dropped":{"minecraft:gravel":11,"minecraft:stone_axe":1,"minecraft:wheat_seeds":1,"minecraft:lapis_lazuli":8,"minecraft:cobbled_deepslate":10,"minecraft:stone_sword":1,"minecraft:chicken":2,"minecraft:feather":1,"minecraft:rotten_flesh":11,"minecraft:leather":2,"minecraft:flint":1,"minecraft:dirt":5,"minecraft:gray_wool":1,"minecraft:diorite":3,"minecraft:oak_sapling":8,"minecraft:spider_eye":1,"minecraft:beef":2,"minecraft:stone_pickaxe":1,"minecraft:wooden_pickaxe":1,"minecraft:egg":1,"minecraft:bone":2,"minecraft:black_wool":1}},"DataVersion":3465}