{"stats":{"minecraft:used":{"minecraft:stone_sword":19,"minecraft:stone_pickaxe":6,"minecraft:wooden_pickaxe":21,"minecraft:stone_axe":4,"minecraft:dirt":2,"minecraft:crafting_table":2,"minecraft:furnace":1},"minecraft:mined":{"minecraft:iron_ore":1,"minecraft:crafting_table":1,"minecraft:grass":2,"minecraft:coal_ore":3,"minecraft:grass_block":1,"minecraft:oak_log":5,"minecraft:dirt":5,"minecraft:tall_grass":3,"minecraft:stone":17,"minecraft:sugar_cane":5,"minecraft:oak_leaves":1},"minecraft:picked_up":{"minecraft:raw_iron":1,"minecraft:crafting_table":1,"minecraft:porkchop":1,"minecraft:oak_log":5,"minecraft:string":1,"minecraft:dirt":6,"minecraft:apple":1,"minecraft:rotten_flesh":3,"minecraft:wheat_seeds":1,"minecraft:sugar_cane":10,"minecraft:coal":3,"minecraft:cobblestone":17},"minecraft:killed":{"minecraft:zombie":3,"minecraft:pig":1,"minecraft:spider":1},"minecraft:custom":{"minecraft:time_since_rest":8658,"minecraft:interact_with_furnace":1,"minecraft:sprint_one_cm":9231,"minecraft:damage_taken":85,"minecraft:walk_one_cm":10969,"minecraft:mob_kills":5,"minecraft:damage_dealt":750,"minecraft:swim_one_cm":2268,"minecraft:interact_with_crafting_table":3,"minecraft:fly_one_cm":23443,"minecraft:crouch_one_cm":781,"minecraft:play_time":8658,"minecraft:sneak_time":306,"minecraft:walk_under_water_one_cm":202,"minecraft:jump":137,"minecraft:leave_game":5,"minecraft:time_since_death":8658,"minecraft:walk_on_water_one_cm":307,"minecraft:total_world_time":8658,"minecraft:fall_one_cm":3363},"minecraft:crafted":{"minecraft:oak_planks":12,"minecraft:crafting_table":1,"minecraft:stick":8,"minecraft:wooden_pickaxe":1,"minecraft:stone_pickaxe":1,"minecraft:stone_sword":1,"minecraft:furnace":1,"minecraft:stone_axe":1}},"DataVersion":3465}