{"stats":{"minecraft:dropped":{"minecraft:wheat_seeds":2},"minecraft:killed_by":{"minecraft:zombie":1},"minecraft:used":{"minecraft:beef":5,"minecraft:crafting_table":1,"minecraft:chicken":1},"minecraft:picked_up":{"minecraft:crafting_table":1,"minecraft:feather":2,"minecraft:chicken":1,"minecraft:pumpkin":5,"minecraft:leather":5,"minecraft:wheat_seeds":5,"minecraft:beef":5,"minecraft:oak_log":2},"minecraft:mined":{"minecraft:grass":42,"minecraft:oak_log":2,"minecraft:tall_grass":16,"minecraft:pumpkin":5,"minecraft:crafting_table":1},"minecraft:killed":{"minecraft:chicken":1,"minecraft:cow":3},"minecraft:custom":{"minecraft:time_since_rest":1257,"minecraft:deaths":1,"minecraft:crouch_one_cm":296,"minecraft:play_time":10502,"minecraft:sprint_one_cm":81607,"minecraft:damage_taken":330,"minecraft:walk_one_cm":32822,"minecraft:sneak_time":95,"minecraft:walk_under_water_one_cm":795,"minecraft:mob_kills":4,"minecraft:drop":2,"minecraft:jump":340,"minecraft:damage_dealt":493,"minecraft:leave_game":3,"minecraft:time_since_death":1229,"minecraft:walk_on_water_one_cm":833,"minecraft:total_world_time":10502,"minecraft:swim_one_cm":1416,"minecraft:interact_with_crafting_table":1,"minecraft:fall_one_cm":9938,"minecraft:fly_one_cm":86303},"minecraft:crafted":{"minecraft:oak_planks":8,"minecraft:crafting_table":1,"minecraft:stick":4}},"DataVersion":3465}