{"stats":{"minecraft:picked_up":{"minecraft:crafting_table":1,"minecraft:feather":2,"minecraft:chicken":1,"minecraft:pumpkin":5,"minecraft:leather":5,"minecraft:oak_log":2,"minecraft:wheat_seeds":5,"minecraft:beef":5,"minecraft:ender_pearl":1},"minecraft:used":{"minecraft:trident":20,"minecraft:chicken":1,"minecraft:ender_pearl":1,"minecraft:diamond_sword":3,"minecraft:beef":5,"minecraft:crafting_table":1},"minecraft:crafted":{"minecraft:oak_planks":8,"minecraft:crafting_table":1,"minecraft:stick":4},"minecraft:killed_by":{"minecraft:zombie":1},"minecraft:custom":{"minecraft:time_since_rest":5338,"minecraft:interact_with_furnace":1,"minecraft:sprint_one_cm":100563,"minecraft:damage_taken":620,"minecraft:walk_one_cm":40538,"minecraft:mob_kills":4,"minecraft:drop":9,"minecraft:damage_dealt":772,"minecraft:swim_one_cm":4015,"minecraft:interact_with_crafting_table":2,"minecraft:fly_one_cm":166776,"minecraft:player_kills":2,"minecraft:crouch_one_cm":404,"minecraft:play_time":16773,"minecraft:deaths":2,"minecraft:sneak_time":262,"minecraft:walk_under_water_one_cm":3067,"minecraft:jump":425,"minecraft:leave_game":5,"minecraft:walk_on_water_one_cm":6047,"minecraft:time_since_death":5298,"minecraft:total_world_time":16773,"minecraft:fall_one_cm":11815},"minecraft:killed":{"minecraft:chicken":1,"minecraft:cow":3},"minecraft:mined":{"minecraft:pumpkin":5,"minecraft:crafting_table":1,"minecraft:grass":42,"minecraft:oak_log":2,"minecraft:tall_grass":16},"minecraft:dropped":{"minecraft:diamond_sword":1,"minecraft:wheat_seeds":2,"minecraft:golden_apple":6}},"DataVersion":3465}