{"stats":{"minecraft:killed":{"born_in_chaos_v1:zombie_lumberjack":1,"born_in_chaos_v1:door_knight_not_despawn":1,"minecraft:spider":8,"aquaculture:smallmouth_bass":1,"born_in_chaos_v1:siamese_skeletonsright":1,"born_in_chaos_v1:scarlet_persecutor":4,"born_in_chaos_v1:maggot":2,"minecraft:skeleton":1,"naturalist:deer":1,"aquaculture:perch":1,"born_in_chaos_v1:corpse_fish":2,"aquaculture:carp":1,"born_in_chaos_v1:fallen_chaos_knight":1,"born_in_chaos_v1:baby_skeleton":1,"born_in_chaos_v1:swarmer":1,"minecraft:creeper":3,"born_in_chaos_v1:decrepit_skeleton":6,"minecraft:sheep":3,"born_in_chaos_v1:bloody_gadfly":1,"aquaculture:minnow":3,"minecraft:zombie":25,"born_in_chaos_v1:dread_hound":4,"born_in_chaos_v1:corpse_fly":11,"born_in_chaos_v1:dark_vortex":1,"alexsmobs:fly":1},"minecraft:killed_by":{"minecraft:player":2,"born_in_chaos_v1:restless_spirit":1,"realmrpg_demons:chort":4,"minecraft:creeper":2,"minecraft:spider":1,"born_in_chaos_v1:zombie_bruiser":1,"born_in_chaos_v1:corpse_fly":1,"minecraft:skeleton":3,"born_in_chaos_v1:siamese_skeletons":1,"minecraft:zombie":11,"alexsmobs:grizzly_bear":3,"born_in_chaos_v1:scarlet_persecutor":1},"minecraft:broken":{"minecraft:wooden_pickaxe":1},"minecraft:mined":{"minecraft:dark_oak_log":19,"gravestone:gravestone":26,"minecraft:grass_block":2,"minecraft:redstone_wire":1,"minecraft:spawner":2,"minecraft:large_fern":2,"minecraft:hay_block":2,"minecraft:iron_ore":22,"minecraft:barrel":1,"minecraft:andesite":1,"minecraft:bookshelf":1,"minecraft:stone":126,"create:veridium":15,"minecraft:clay":21,"minecraft:crafting_table":1,"minecraft:torch":1,"minecraft:chest":2,"minecraft:cobblestone":2,"minecraft:tall_grass":1,"minecraft:wall_torch":2,"farmersdelight:wild_beetroots":1,"farmersdelight:sandy_shrub":1,"minecraft:spruce_log":56,"minecraft:birch_leaves":11,"minecraft:jungle_fence":1,"minecraft:grass":2,"minecraft:coal_ore":17,"minecraft:gravel":17,"minecraft:dirt":2,"minecraft:cobweb":4,"minecraft:smooth_basalt":6,"minecraft:gold_ore":8,"minecraft:fern":1},"minecraft:dropped":{"minecraft:wheat_seeds":2,"aquaculture:minnow":2,"minecraft:acacia_log":2,"minecraft:wooden_sword":1,"gravestone:obituary":28,"minecraft:string":2,"minecraft:smooth_basalt":14,"minecraft:bone":1,"minecraft:gravel":13,"simplyswords:runic_tablet":1,"create:veridium":15,"minecraft:allium":2,"minecraft:spruce_planks":9,"minecraft:beetroot_seeds":1,"minecraft:barrel":1,"minecraft:stone_pickaxe":1},"minecraft:used":{"minecraft:stone_sword":70,"born_in_chaos_v1:ethereal_spirit":1,"minecraft:stone_shovel":37,"minecraft:redstone":1,"minecraft:chest":5,"minecraft:shield":24,"minecraft:rotten_flesh":3,"minecraft:torch":17,"minecraft:dirt":3,"naturalist:venison":1,"minecraft:carrot":4,"minecraft:dark_oak_planks":3,"minecraft:wooden_axe":1,"born_in_chaos_v1:smoked_flesh":6,"minecraft:stone_bricks":1,"minecraft:furnace":2,"minecraft:potato":2,"minecraft:iron_ore":20,"minecraft:stone_pickaxe":99,"minecraft:jungle_fence":1,"minecraft:baked_potato":13,"minecraft:wooden_pickaxe":73,"minecraft:gold_ore":5,"minecraft:golden_apple":1,"minecraft:glow_berries":6,"minecraft:crafting_table":6,"minecraft:dark_oak_door":6,"minecraft:diamond_pickaxe":2,"minecraft:apple":6,"aquaculture:carp":1,"born_in_chaos_v1:monster_flesh":1,"minecraft:bread":7,"minecraft:iron_pickaxe":27,"minecraft:gravel":2,"minecraft:stone_axe":3,"simplyswords:diamond_chakram":396,"minecraft:wooden_sword":11,"minecraft:cobblestone":13,"aquaculture:smallmouth_bass":1,"alexsmobs:animal_dictionary":2,"aquaculture:perch":3},"minecraft:crafted":{"minecraft:wooden_sword":1,"minecraft:stone_shovel":1,"minecraft:iron_nugget":9,"minecraft:furnace":1,"minecraft:dark_oak_door":6,"minecraft:stone_pickaxe":2,"minecraft:chest":3,"minecraft:dark_oak_planks":19,"simplyswords:diamond_chakram":1,"minecraft:crafting_table":5,"minecraft:spruce_planks":59,"minecraft:wooden_pickaxe":1,"minecraft:stone_axe":1,"minecraft:air":306,"minecraft:bread":2,"minecraft:stick":36,"minecraft:wooden_axe":1,"minecraft:stone_sword":2,"minecraft:iron_leggings":1,"minecraft:torch":10},"minecraft:picked_up":{"minecraft:crafting_table":3,"minecraft:allium":2,"minecraft:wheat":4,"minecraft:chainmail_boots":1,"minecraft:clay_ball":84,"naturalist:venison":1,"minecraft:leather_leggings":2,"minecraft:brown_mushroom":3,"minecraft:wooden_pickaxe":1,"born_in_chaos_v1:bloody_gadfly_eye":1,"gravestone:obituary":9,"minecraft:shield":1,"minecraft:amethyst_block":6,"minecraft:string":17,"minecraft:wooden_sword":1,"simplyswords:runic_tablet":1,"minecraft:spruce_planks":4,"born_in_chaos_v1:gnawed_bones":1,"minecraft:calcite":6,"minecraft:chest":2,"minecraft:birch_sapling":1,"minecraft:iron_boots":1,"minecraft:furnace":1,"minecraft:dark_oak_sapling":11,"minecraft:stick":16,"minecraft:raw_iron":39,"minecraft:torch":4,"minecraft:acacia_log":2,"minecraft:spruce_fence":2,"aquaculture:perch":3,"born_in_chaos_v1:pieceofdarkmetal":3,"minecraft:redstone":1,"minecraft:arrow":9,"minecraft:diamond_chestplate":2,"minecraft:rotten_flesh":44,"minecraft:beetroot_seeds":1,"minecraft:diamond_boots":1,"minecraft:hay_block":1,"aquaculture:carp":1,"create:veridium":15,"minecraft:mutton":5,"minecraft:white_wool":3,"minecraft:cobblestone":151,"born_in_chaos_v1:fused_bone":2,"born_in_chaos_v1:corpse_maggot":10,"born_in_chaos_v1:monster_flesh":2,"minecraft:andesite":1,"minecraft:jungle_fence":1,"minecraft:potato":1,"minecraft:flint":2,"minecraft:dirt":4,"born_in_chaos_v1:monster_skin":2,"minecraft:bone":10,"minecraft:apple":1,"minecraft:stone_bricks":1,"minecraft:wheat_seeds":2,"minecraft:raw_gold":14,"minecraft:iron_ingot":1,"minecraft:stone_pickaxe":1,"aquaculture:minnow":6,"aquaculture:smallmouth_bass":1,"minecraft:smooth_basalt":28,"born_in_chaos_v1:ethereal_spirit":5,"minecraft:gravel":41,"born_in_chaos_v1:dark_rod":1,"minecraft:spruce_sapling":22,"minecraft:spruce_log":57,"minecraft:dark_oak_log":19,"minecraft:spider_eye":7,"minecraft:barrel":2,"minecraft:leather_helmet":2,"minecraft:slime_ball":2,"minecraft:chainmail_leggings":3,"minecraft:bone_meal":3,"minecraft:baked_potato":3,"minecraft:coal":19,"minecraft:diamond_pickaxe":1},"minecraft:custom":{"minecraft:interact_with_anvil":3,"minecraft:mob_kills":87,"minecraft:interact_with_crafting_table":42,"minecraft:open_barrel":74,"minecraft:damage_dealt_resisted":1012,"minecraft:leave_game":5,"minecraft:time_since_death":15841,"minecraft:climb_one_cm":14617,"minecraft:sprint_one_cm":684017,"minecraft:walk_one_cm":439853,"minecraft:damage_blocked_by_shield":1733,"minecraft:drop":52,"minecraft:play_time":174070,"minecraft:deaths":31,"minecraft:sneak_time":1654,"minecraft:walk_under_water_one_cm":17023,"minecraft:jump":2502,"minecraft:walk_on_water_one_cm":13955,"minecraft:total_world_time":174070,"minecraft:interact_with_furnace":2,"minecraft:time_since_rest":15881,"minecraft:damage_taken":10099,"minecraft:damage_absorbed":40,"minecraft:damage_dealt":14556,"minecraft:fly_one_cm":427234,"minecraft:swim_one_cm":45496,"minecraft:player_kills":2,"minecraft:open_chest":118,"minecraft:crouch_one_cm":4497,"minecraft:fall_one_cm":85378}},"DataVersion":3465}